CREATE table Customers(CustomerID int Primary key,CustomerName varchar (200) not null, Country varchar (200),City varchar (200), Address varchar (200), PostCode varchar (200),PhoneNumber varchar (200),Fax varchar (200)); 
--here i created the first table as Customers and added some simple coulmns--
Alter table Customers rename Column Fax to Email;
INSERT INTO Customers (CustomerID, CustomerName, Country, City, Address, PostCode, PhoneNumber, Email) VALUES
(1, 'Jan de Vries', 'Netherlands', 'Amsterdam', 'Damrak 10', '1012AB', '0613000001', 'jan.devries@gmail.com'),
(2, 'Sophie Jansen', 'Netherlands', 'Rotterdam', 'Coolsingel 5', '3012BC', '0613000002', NULL),
(3, 'Luca Moretti', 'Italy', 'Milan', 'Via Roma 12', '20121', '0613000003', 'luca.moretti@gmail.com'),
(4, 'Emma Schneider', 'Germany', 'Berlin', 'Alexanderplatz 8', '10178', '0613000004', NULL),
(5, 'Pierre Dubois', 'France', 'Paris', 'Rue Lafayette 15', '75009', '0613000005', 'pierre.dubois@gmail.com'),
(6, 'Olivia Brown', 'United Kingdom', 'London', 'Oxford Street 20', 'W1D 1AB', '0613000006', NULL),
(7, 'Noah Andersen', 'Denmark', 'Copenhagen', 'Strøget 7', '1001', '0613000007', 'noah.andersen@gmail.com'),
(8, 'Elin Svensson', 'Sweden', 'Stockholm', 'Drottninggatan 14', '11151', '0613000008', NULL),
(9, 'Mia Johansson', 'Sweden', 'Gothenburg', 'Avenyn 9', '41136', '0613000009', 'mia.johansson@gmail.com'),
(10, 'Lucas Müller', 'Germany', 'Munich', 'Marienplatz 3', '80331', '0613000010', NULL),
(11, 'Amélie Laurent', 'France', 'Lyon', 'Rue Victor Hugo 6', '69002', '0613000011', 'amelie.laurent@gmail.com'),
(12, 'Hugo Martin', 'France', 'Paris', 'Champs-Élysées 25', '75008', '0613000012', NULL),
(13, 'Ethan Wilson', 'United Kingdom', 'Manchester', 'Market Street 11', 'M1 1WR', '0613000013', 'ethan.wilson@gmail.com'),
(14, 'Sofia García', 'Spain', 'Madrid', 'Gran Vía 18', '28013', '0613000014', NULL),
(15, 'Carlos Ruiz', 'Spain', 'Barcelona', 'La Rambla 22', '08002', '0613000015', 'carlos.ruiz@gmail.com'),
(16, 'Lars Hansen', 'Denmark', 'Aarhus', 'Store Torv 4', '8000', '0613000016', NULL),
(17, 'Anna Kowalska', 'Poland', 'Warsaw', 'Nowy Świat 10', '00-001', '0613000017', 'anna.kowalska@gmail.com'),
(18, 'Piotr Nowak', 'Poland', 'Krakow', 'Floriańska 5', '31-021', '0613000018', NULL),
(19, 'Isabelle Moreau', 'Belgium', 'Brussels', 'Rue Neuve 12', '1000', '0613000019', 'isabelle.moreau@gmail.com'),
(20, 'Thomas De Smet', 'Belgium', 'Antwerp', 'Meir 8', '2000', '0613000020', NULL),
(21, 'Finn Larsen', 'Norway', 'Oslo', 'Karl Johans gate 6', '0154', '0613000021', 'finn.larsen@gmail.com'),
(22, 'Astrid Nilsen', 'Norway', 'Bergen', 'Bryggen 3', '5003', '0613000022', NULL),
(23, 'James Smith', 'United Kingdom', 'London', 'Regent Street 14', 'W1B 5HL', '0613000023', 'james.smith@gmail.com'),
(24, 'Emily Clark', 'United Kingdom', 'Birmingham', 'New Street 9', 'B2 4QA', '0613000024', NULL),
(25, 'Giulia Bianchi', 'Italy', 'Rome', 'Via del Corso 5', '00186', '0613000025', 'giulia.bianchi@gmail.com'),
(26, 'Marco Rossi', 'Italy', 'Venice', 'Cannaregio 11', '30121', '0613000026', NULL),
(27, 'Hannah Schmidt', 'Germany', 'Hamburg', 'Reeperbahn 7', '20359', '0613000027', 'hannah.schmidt@gmail.com'),
(28, 'Leon Fischer', 'Germany', 'Frankfurt', 'Zeil 20', '60313', '0613000028', NULL),
(29, 'Emma Johnson', 'United Kingdom', 'Liverpool', 'Bold Street 10', 'L1 4HR', '0613000029', 'emma.johnson@gmail.com'),
(30, 'William Taylor', 'United Kingdom', 'London', 'King’s Road 15', 'SW3 4LY', '0613000030', NULL),
(31, 'Lucas van Dijk', 'Netherlands', 'Utrecht', 'Oudegracht 8', '3511CD', '0613000031', 'lucas.vdijk@gmail.com'),
(32, 'Sophie Meijer', 'Netherlands', 'Eindhoven', 'Stationsplein 3', '5611AB', '0613000032', NULL),
(33, 'Arman Petrov', 'Russia', 'Moscow', 'Tverskaya 12', '125009', '0613000033', 'arman.petrov@gmail.com'),
(34, 'Daria Ivanova', 'Russia', 'Saint Petersburg', 'Nevsky Prospekt 7', '190000', '0613000034', NULL),
(35, 'Mateo López', 'Spain', 'Valencia', 'Calle Colón 9', '46004', '0613000035', 'mateo.lopez@gmail.com'),
(36, 'Lucía Fernández', 'Spain', 'Seville', 'Calle Sierpes 5', '41004', '0613000036', NULL),
(37, 'Nina Kovac', 'Croatia', 'Zagreb', 'Ilica 14', '10000', '0613000037', 'nina.kovac@gmail.com'),
(38, 'Marko Horvat', 'Croatia', 'Split', 'Riva 6', '21000', '0613000038', NULL),
(39, 'Oliver White', 'Ireland', 'Dublin', 'O’Connell Street 10', 'D01', '0613000039', 'oliver.white@gmail.com'),
(40, 'Ava Murphy', 'Ireland', 'Cork', 'Patrick Street 8', 'T12', '0613000040', NULL),
(41, 'Mila Novak', 'Czech Republic', 'Prague', 'Wenceslas Square 3', '11000', '0613000041', 'mila.novak@gmail.com'),
(42, 'Jakub Svoboda', 'Czech Republic', 'Brno', 'Náměstí Svobody 5', '60200', '0613000042', NULL),
(43, 'Elisa Conti', 'Switzerland', 'Zurich', 'Bahnhofstrasse 12', '8001', '0613000043', 'elisa.conti@gmail.com'),
(44, 'Jonas Weber', 'Switzerland', 'Geneva', 'Rue du Rhône 6', '1204', '0613000044', NULL),
(45, 'Sophia Andersen', 'Denmark', 'Odense', 'Vestergade 9', '5000', '0613000045', 'sophia.andersen@gmail.com'),
(46, 'Noah Nilsson', 'Sweden', 'Malmö', 'Södra Förstadsgatan 11', '21143', '0613000046', NULL),
(47, 'Ethan Hughes', 'United Kingdom', 'Leeds', 'Briggate 7', 'LS1 6HW', '0613000047', 'ethan.hughes@gmail.com'),
(48, 'Lily Scott', 'United Kingdom', 'Glasgow', 'Sauchiehall Street 13', 'G2 3EX', '0613000048', NULL),
(49, 'Finn O’Connor', 'Ireland', 'Dublin', 'Grafton Street 4', 'D02', '0613000049', 'finn.oconnor@gmail.com'),
(50, 'Ella Bergström', 'Sweden', 'Uppsala', 'Stora Torget 2', '75320', '0613000050', NULL);
INSERT INTO Customers (CustomerID, CustomerName, Country, City, Address, PostCode, PhoneNumber, Email) VALUES
(51, 'Jan Smit', 'Netherlands', 'Amsterdam', 'Prinsengracht 10', '1015DB', '0613000051', 'jan.smit51@gmail.com'),
(52, 'Emma de Boer', 'Netherlands', 'Rotterdam', 'Lijnbaan 22', '3012EH', '0613000052', NULL),
(53, 'Lucas Jensen', 'Denmark', 'Copenhagen', 'Nyhavn 5', '1051', '0613000053', 'lucas.jensen53@gmail.com'),
(54, 'Sofia Nilsson', 'Sweden', 'Stockholm', 'Vasagatan 8', '11120', '0613000054', NULL),
(55, 'Liam Murphy', 'Ireland', 'Dublin', 'Temple Bar 3', 'D02', '0613000055', 'liam.murphy55@gmail.com'),
(56, 'Olivia Brown', 'United Kingdom', 'London', 'Baker Street 12', 'NW1 6XE', '0613000056', NULL),
(57, 'Noah Williams', 'United Kingdom', 'Manchester', 'Deansgate 7', 'M3 2JA', '0613000057', 'noah.williams57@gmail.com'),
(58, 'Amelie Dubois', 'France', 'Paris', 'Rue Saint-Honoré 9', '75001', '0613000058', NULL),
(59, 'Louis Martin', 'France', 'Lyon', 'Rue de la République 14', '69002', '0613000059', 'louis.martin59@gmail.com'),
(60, 'Giulia Romano', 'Italy', 'Rome', 'Via Veneto 6', '00187', '0613000060', NULL),
(61, 'Marco Ricci', 'Italy', 'Milan', 'Corso Como 10', '20154', '0613000061', 'marco.ricci61@gmail.com'),
(62, 'Carlos Herrera', 'Spain', 'Madrid', 'Calle Mayor 5', '28013', '0613000062', NULL),
(63, 'Lucia Navarro', 'Spain', 'Barcelona', 'Passeig de Gràcia 18', '08007', '0613000063', 'lucia.navarro63@gmail.com'),
(64, 'Jonas Müller', 'Germany', 'Berlin', 'Unter den Linden 11', '10117', '0613000064', NULL),
(65, 'Hannah Weber', 'Germany', 'Hamburg', 'Jungfernstieg 4', '20354', '0613000065', 'hannah.weber65@gmail.com'),
(66, 'Ethan Smith', 'United Kingdom', 'Birmingham', 'High Street 8', 'B2 5JF', '0613000066', NULL),
(67, 'Ava Johnson', 'United Kingdom', 'Leeds', 'Headrow 3', 'LS1 8EQ', '0613000067', 'ava.johnson67@gmail.com'),
(68, 'Finn Larsen', 'Norway', 'Oslo', 'Karl Johans gate 10', '0159', '0613000068', NULL),
(69, 'Ingrid Hansen', 'Norway', 'Bergen', 'Bryggen 5', '5004', '0613000069', 'ingrid.hansen69@gmail.com'),
(70, 'Mila Novak', 'Czech Republic', 'Prague', 'Old Town Square 2', '11001', '0613000070', NULL),
(71, 'Jakub Vesely', 'Czech Republic', 'Brno', 'Masarykova 9', '60200', '0613000071', 'jakub.vesely71@gmail.com'),
(72, 'Elisa Rossi', 'Switzerland', 'Zurich', 'Bahnhofstrasse 20', '8001', '0613000072', NULL),
(73, 'Jonas Keller', 'Switzerland', 'Geneva', 'Rue du Rhône 10', '1204', '0613000073', 'jonas.keller73@gmail.com'),
(74, 'Oliver White', 'Ireland', 'Cork', 'Oliver Plunkett St 6', 'T12', '0613000074', NULL),
(75, 'Ella Murphy', 'Ireland', 'Dublin', 'O’Connell St 14', 'D01', '0613000075', 'ella.murphy75@gmail.com'),
(76, 'Lars Andersen', 'Denmark', 'Aarhus', 'Strøget 11', '8000', '0613000076', NULL),
(77, 'Mia Svensson', 'Sweden', 'Gothenburg', 'Avenyn 5', '41136', '0613000077', 'mia.svensson77@gmail.com'),
(78, 'Lucas Petersen', 'Denmark', 'Odense', 'Vestergade 12', '5000', '0613000078', NULL),
(79, 'Emma Nilsson', 'Sweden', 'Malmö', 'Södra Förstadsgatan 7', '21143', '0613000079', 'emma.nilsson79@gmail.com'),
(80, 'Noah Brown', 'United Kingdom', 'Glasgow', 'Argyle Street 9', 'G2 8BG', '0613000080', NULL),
(81, 'Sophia Martin', 'France', 'Paris', 'Champs-Élysées 30', '75008', '0613000081', 'sophia.martin81@gmail.com'),
(82, 'Pierre Leroy', 'France', 'Marseille', 'La Canebière 8', '13001', '0613000082', NULL),
(83, 'Marco Bianchi', 'Italy', 'Venice', 'San Marco 12', '30124', '0613000083', 'marco.bianchi83@gmail.com'),
(84, 'Giulia Conti', 'Italy', 'Florence', 'Piazza Duomo 4', '50122', '0613000084', NULL),
(85, 'Carlos Ruiz', 'Spain', 'Seville', 'Calle Sierpes 10', '41004', '0613000085', 'carlos.ruiz85@gmail.com'),
(86, 'Sofia Garcia', 'Spain', 'Valencia', 'Calle Colón 15', '46004', '0613000086', NULL),
(87, 'Jonas Schmidt', 'Germany', 'Munich', 'Marienplatz 9', '80331', '0613000087', 'jonas.schmidt87@gmail.com'),
(88, 'Anna Fischer', 'Germany', 'Cologne', 'Domstraße 3', '50667', '0613000088', NULL),
(89, 'Liam O’Connor', 'Ireland', 'Dublin', 'Grafton Street 12', 'D02', '0613000089', 'liam.oconnor89@gmail.com'),
(90, 'Ava Scott', 'United Kingdom', 'London', 'King’s Road 20', 'SW3 5UA', '0613000090', NULL),
(91, 'Finn Berg', 'Norway', 'Oslo', 'Storgata 6', '0184', '0613000091', 'finn.berg91@gmail.com'),
(92, 'Ingrid Nilsen', 'Norway', 'Bergen', 'Bryggen 9', '5005', '0613000092', NULL),
(93, 'Mila Svoboda', 'Czech Republic', 'Prague', 'Wenceslas Sq 7', '11000', '0613000093', 'mila.svoboda93@gmail.com'),
(94, 'Jakub Novak', 'Czech Republic', 'Brno', 'Freedom Sq 5', '60200', '0613000094', NULL),
(95, 'Elisa Keller', 'Switzerland', 'Zurich', 'Limmatquai 10', '8001', '0613000095', 'elisa.keller95@gmail.com'),
(96, 'Jonas Morel', 'Switzerland', 'Geneva', 'Rue de Lausanne 8', '1201', '0613000096', NULL),
(97, 'Oliver Hughes', 'United Kingdom', 'Liverpool', 'Bold Street 15', 'L1 4HR', '0613000097', 'oliver.hughes97@gmail.com'),
(98, 'Ella Clark', 'United Kingdom', 'Manchester', 'Market Street 18', 'M1 1WR', '0613000098', NULL),
(99, 'Lucas Andersen', 'Denmark', 'Copenhagen', 'Nyhavn 12', '1052', '0613000099', 'lucas.andersen99@gmail.com'),
(100, 'Emma Brown', 'United Kingdom', 'London', 'Oxford Street 25', 'W1D 2AB', '0613000100', NULL);
--I asked AI to generate some fake Customers for me ,All informations including Names , phones and Psotalcodes are random--
--create table Products(ProductID int PRIMARY Key,ProductName Varchar (200),ProductCategory Varchar (200),StockQuantiy Varchar (200),ReorderLevel Varchar (200),ReorderQuantity Varchar (200),Cost Varchar (200),SellPrice Varchar (200));--
--I realized that for some values i should use numeric data type , so i will drop the Customer table and create another one--
Drop table Products;
create table Products(ProductID int PRIMARY Key,ProductName Varchar (200),ProductCategory Varchar (200),StockQuantity int ,ReorderLevel int,ReorderQuantity int ,Cost Decimal ,SellPrice Decimal);
INSERT INTO Products (ProductID, ProductName, ProductCategory, StockQuantity, ReorderLevel, ReorderQuantity, Cost, SellPrice) VALUES
(1, 'Milk 1L', 'Dairy', 120, 30, 100, 0.8, 1.2),
(2, 'Cheddar Cheese', 'Dairy', 60, 20, 80, 2.5, 4.0),
(3, 'Yogurt Pack', 'Dairy', 90, 25, 70, 1.0, 1.8),
(4, 'White Bread', 'Bakery', 150, 40, 120, 0.7, 1.5),
(5, 'Croissant', 'Bakery', 80, 30, 100, 0.5, 1.2),
(6, 'Chicken Breast', 'Meat', 50, 15, 60, 4.0, 6.5),
(7, 'Beef Steak', 'Meat', 40, 10, 50, 6.0, 10.0),
(8, 'Salmon Fillet', 'Seafood', 30, 10, 40, 7.5, 12.0),
(9, 'Apple', 'Fruits', 200, 50, 150, 0.2, 0.5),
(10, 'Banana', 'Fruits', 180, 50, 150, 0.15, 0.4),
(11, 'Orange Juice', 'Drinks', 100, 30, 90, 1.0, 2.0),
(12, 'Cola 1.5L', 'Drinks', 140, 40, 120, 1.2, 2.5),
(13, 'Water 1.5L', 'Drinks', 200, 60, 180, 0.3, 0.8),
(14, 'Potato Chips', 'Snacks', 130, 40, 100, 0.8, 1.8),
(15, 'Chocolate Bar', 'Snacks', 160, 50, 140, 0.6, 1.5),
(16, 'Frozen Pizza', 'Frozen', 70, 20, 80, 2.0, 4.5),
(17, 'Ice Cream', 'Frozen', 90, 30, 100, 1.5, 3.5),
(18, 'Eggs 12-pack', 'Dairy', 110, 30, 100, 1.5, 2.8),
(19, 'Butter', 'Dairy', 75, 25, 80, 1.2, 2.5),
(20, 'Tomato', 'Vegetables', 140, 40, 120, 0.3, 0.9),
(21, 'Cucumber', 'Vegetables', 120, 35, 110, 0.25, 0.8),
(22, 'Onion', 'Vegetables', 160, 50, 130, 0.2, 0.7),
(23, 'Garlic', 'Vegetables', 90, 30, 100, 0.4, 1.0),
(24, 'Carrot', 'Vegetables', 170, 50, 140, 0.2, 0.6),
(25, 'Pasta', 'Dry Goods', 130, 40, 120, 0.8, 1.6),
(26, 'Rice 1kg', 'Dry Goods', 150, 50, 130, 1.0, 2.2),
(27, 'Olive Oil', 'Dry Goods', 80, 20, 90, 3.5, 6.5),
(28, 'Cereal', 'Breakfast', 100, 30, 90, 1.5, 3.0),
(29, 'Granola Bar', 'Snacks', 140, 40, 120, 0.5, 1.2),
(30, 'Coffee', 'Drinks', 70, 20, 80, 3.0, 6.0),
(31, 'Tea Pack', 'Drinks', 90, 30, 100, 1.2, 2.5),
(32, 'Energy Drink', 'Drinks', 110, 30, 100, 1.5, 3.0),
(33, 'Shampoo', 'Household', 60, 20, 70, 2.0, 4.5),
(34, 'Toothpaste', 'Household', 80, 25, 90, 1.0, 2.5),
(35, 'Soap', 'Household', 120, 40, 110, 0.5, 1.5),
(36, 'Detergent', 'Household', 50, 15, 60, 3.5, 7.0),
(37, 'Paper Towels', 'Household', 90, 30, 100, 1.5, 3.5),
(38, 'Toilet Paper', 'Household', 100, 30, 110, 2.0, 4.5),
(39, 'Frozen Fries', 'Frozen', 80, 25, 90, 1.2, 2.8),
(40, 'Fish Sticks', 'Frozen', 70, 20, 80, 2.5, 5.0),
(41, 'Strawberries', 'Fruits', 60, 20, 70, 1.5, 3.5),
(42, 'Blueberries', 'Fruits', 50, 15, 60, 2.0, 4.0),
(43, 'Lettuce', 'Vegetables', 100, 30, 90, 0.7, 1.8),
(44, 'Spinach', 'Vegetables', 80, 25, 90, 0.8, 2.0),
(45, 'Ham', 'Meat', 60, 20, 70, 2.5, 5.5),
(46, 'Sausage', 'Meat', 70, 20, 80, 2.0, 4.5),
(47, 'Turkey Slices', 'Meat', 50, 15, 60, 3.0, 6.0),
(48, 'Mayonnaise', 'Condiments', 90, 30, 100, 1.2, 2.8),
(49, 'Ketchup', 'Condiments', 100, 30, 110, 1.0, 2.5),
(50, 'Mustard', 'Condiments', 80, 25, 90, 0.8, 2.0);
INSERT INTO Products (ProductID, ProductName, ProductCategory, StockQuantity, ReorderLevel, ReorderQuantity, Cost, SellPrice) VALUES
(51, 'Whole Wheat Bread', 'Bakery', 130, 40, 120, 0.9, 1.8),
(52, 'Bagel', 'Bakery', 90, 30, 100, 0.6, 1.4),
(53, 'Muffin', 'Bakery', 100, 30, 100, 0.7, 1.6),
(54, 'Pancake Mix', 'Breakfast', 80, 25, 90, 1.2, 2.5),
(55, 'Waffles', 'Frozen', 70, 20, 80, 1.5, 3.0),
(56, 'Orange', 'Fruits', 150, 40, 130, 0.25, 0.6),
(57, 'Pear', 'Fruits', 120, 35, 110, 0.3, 0.7),
(58, 'Grapes', 'Fruits', 100, 30, 90, 1.2, 2.8),
(59, 'Pineapple', 'Fruits', 60, 20, 70, 1.5, 3.5),
(60, 'Mango', 'Fruits', 70, 20, 80, 1.3, 3.0),
(61, 'Zucchini', 'Vegetables', 110, 30, 100, 0.4, 1.0),
(62, 'Eggplant', 'Vegetables', 90, 25, 90, 0.5, 1.2),
(63, 'Bell Pepper', 'Vegetables', 100, 30, 100, 0.6, 1.5),
(64, 'Broccoli', 'Vegetables', 80, 25, 90, 0.7, 1.8),
(65, 'Cauliflower', 'Vegetables', 70, 20, 80, 0.8, 2.0),
(66, 'Ground Beef', 'Meat', 60, 20, 70, 4.5, 7.5),
(67, 'Chicken Wings', 'Meat', 70, 20, 80, 3.0, 5.5),
(68, 'Pork Chops', 'Meat', 50, 15, 60, 4.0, 6.5),
(69, 'Tuna Can', 'Seafood', 120, 40, 110, 1.0, 2.2),
(70, 'Shrimp', 'Seafood', 40, 10, 50, 6.0, 10.5),
(71, 'Sparkling Water', 'Drinks', 150, 50, 140, 0.4, 1.0),
(72, 'Apple Juice', 'Drinks', 110, 30, 100, 1.1, 2.3),
(73, 'Lemonade', 'Drinks', 100, 30, 90, 1.0, 2.2),
(74, 'Beer Pack', 'Drinks', 80, 20, 90, 4.0, 7.5),
(75, 'Wine Bottle', 'Drinks', 60, 15, 70, 5.0, 10.0),
(76, 'Crackers', 'Snacks', 140, 40, 120, 0.7, 1.8),
(77, 'Popcorn', 'Snacks', 130, 40, 120, 0.6, 1.5),
(78, 'Pretzels', 'Snacks', 120, 35, 110, 0.7, 1.7),
(79, 'Nuts Mix', 'Snacks', 90, 30, 100, 1.5, 3.5),
(80, 'Protein Bar', 'Snacks', 100, 30, 100, 1.2, 2.8),
(81, 'Frozen Vegetables Mix', 'Frozen', 90, 30, 100, 1.3, 3.0),
(82, 'Lasagna', 'Frozen', 70, 20, 80, 2.5, 5.5),
(83, 'Ice Cubes', 'Frozen', 150, 50, 140, 0.2, 0.7),
(84, 'Dish Soap', 'Household', 100, 30, 110, 1.0, 2.5),
(85, 'Cleaning Spray', 'Household', 80, 25, 90, 1.5, 3.5),
(86, 'Trash Bags', 'Household', 90, 30, 100, 1.8, 4.0),
(87, 'Aluminum Foil', 'Household', 70, 20, 80, 1.2, 3.0),
(88, 'Plastic Wrap', 'Household', 80, 25, 90, 1.0, 2.5),
(89, 'Sugar 1kg', 'Dry Goods', 140, 40, 130, 0.9, 2.0),
(90, 'Salt', 'Dry Goods', 150, 50, 140, 0.3, 0.9),
(91, 'Flour 1kg', 'Dry Goods', 130, 40, 120, 0.8, 1.9),
(92, 'Baking Powder', 'Dry Goods', 90, 30, 100, 0.5, 1.5),
(93, 'Jam', 'Condiments', 100, 30, 110, 1.2, 2.8),
(94, 'Peanut Butter', 'Condiments', 90, 30, 100, 1.5, 3.5),
(95, 'Honey', 'Condiments', 70, 20, 80, 2.5, 5.5),
(96, 'Hot Sauce', 'Condiments', 80, 25, 90, 1.0, 2.5),
(97, 'BBQ Sauce', 'Condiments', 90, 30, 100, 1.2, 2.8),
(98, 'Frozen Nuggets', 'Frozen', 80, 25, 90, 2.0, 4.5),
(99, 'Energy Bar', 'Snacks', 110, 30, 100, 1.0, 2.5),
(100, 'Herbal Tea', 'Drinks', 90, 30, 100, 1.2, 2.8);
-- I insreted some AI generated products into porducts table--
--Create table Orders(OrderID int primary key, CustomerID int, TotalAmount Real, PaymentMethod varchar(100),OrderDate date, OrderStatus varchar(200));--
--I forgot to add CustomerID as a foreign key reffering to Customertable, so i wil drop it now and add a new one--
--Drop table Orders;--
Create table Orders(OrderID int primary key, CustomerID int, TotalAmount Real, PaymentMethod varchar(100),OrderDate date, OrderStatus varchar(200),FOREIGN KEY (CustomerID) REFERENCES Customers (CustomerID));
INSERT INTO Orders (OrderID, CustomerID, TotalAmount, PaymentMethod, OrderDate, OrderStatus) VALUES
(1, 12, 45.50, 'Card', '2025-01-01', 'Completed'),
(2, 5, 12.30, 'Cash', '2025-01-02', 'Completed'),
(3, 18, 78.90, 'Card', '2025-01-02', 'Pending'),
(4, 33, 22.10, 'Online', '2025-01-03', 'Completed'),
(5, 7, 56.00, 'Card', '2025-01-03', 'Completed'),
(6, 41, 15.75, 'Cash', '2025-01-04', 'Cancelled'),
(7, 2, 98.40, 'Card', '2025-01-04', 'Completed'),
(8, 25, 34.20, 'Online', '2025-01-05', 'Completed'),
(9, 9, 27.10, 'Cash', '2025-01-05', 'Pending'),
(10, 50, 65.80, 'Card', '2025-01-06', 'Completed'),
(11, 14, 19.90, 'Cash', '2025-01-06', 'Completed'),
(12, 30, 44.60, 'Online', '2025-01-07', 'Completed'),
(13, 8, 88.10, 'Card', '2025-01-07', 'Completed'),
(14, 21, 23.50, 'Cash', '2025-01-08', 'Cancelled'),
(15, 37, 59.90, 'Card', '2025-01-08', 'Completed'),
(16, 6, 31.20, 'Online', '2025-01-09', 'Completed'),
(17, 44, 72.00, 'Card', '2025-01-09', 'Completed'),
(18, 11, 18.40, 'Cash', '2025-01-10', 'Pending'),
(19, 3, 95.30, 'Card', '2025-01-10', 'Completed'),
(20, 29, 40.00, 'Online', '2025-01-11', 'Completed'),
(21, 16, 25.60, 'Cash', '2025-01-11', 'Completed'),
(22, 48, 66.70, 'Card', '2025-01-12', 'Cancelled'),
(23, 10, 14.80, 'Cash', '2025-01-12', 'Completed'),
(24, 22, 83.50, 'Online', '2025-01-13', 'Completed'),
(25, 39, 37.10, 'Card', '2025-01-13', 'Pending'),
(26, 13, 29.90, 'Cash', '2025-01-14', 'Completed'),
(27, 46, 54.30, 'Card', '2025-01-14', 'Completed'),
(28, 1, 11.20, 'Online', '2025-01-15', 'Completed'),
(29, 19, 90.60, 'Card', '2025-01-15', 'Cancelled'),
(30, 27, 33.40, 'Cash', '2025-01-16', 'Completed'),
(31, 4, 75.80, 'Online', '2025-01-16', 'Completed'),
(32, 35, 28.20, 'Card', '2025-01-17', 'Completed'),
(33, 17, 62.90, 'Cash', '2025-01-17', 'Pending'),
(34, 42, 49.50, 'Online', '2025-01-18', 'Completed'),
(35, 20, 17.30, 'Card', '2025-01-18', 'Completed'),
(36, 31, 81.00, 'Cash', '2025-01-19', 'Completed'),
(37, 15, 26.40, 'Online', '2025-01-19', 'Cancelled'),
(38, 38, 53.70, 'Card', '2025-01-20', 'Completed'),
(39, 23, 39.80, 'Cash', '2025-01-20', 'Completed'),
(40, 45, 70.20, 'Online', '2025-01-21', 'Completed'),
(41, 26, 21.60, 'Card', '2025-01-21', 'Pending'),
(42, 32, 58.90, 'Cash', '2025-01-22', 'Completed'),
(43, 49, 16.50, 'Online', '2025-01-22', 'Completed'),
(44, 24, 92.10, 'Card', '2025-01-23', 'Cancelled'),
(45, 28, 35.60, 'Cash', '2025-01-23', 'Completed'),
(46, 34, 63.40, 'Online', '2025-01-24', 'Completed'),
(47, 36, 24.70, 'Card', '2025-01-24', 'Completed'),
(48, 40, 77.90, 'Cash', '2025-01-25', 'Pending'),
(49, 43, 41.30, 'Online', '2025-01-25', 'Completed'),
(50, 47, 86.50, 'Card', '2025-01-26', 'Completed');

INSERT INTO Orders (OrderID, CustomerID, TotalAmount, PaymentMethod, OrderDate, OrderStatus) VALUES
(51, 12, 52.40, 'Card', '2025-01-27', 'Completed'),
(52, 5, 18.90, 'Cash', '2025-01-27', 'Pending'),
(53, 18, 74.20, 'Online', '2025-01-28', 'Completed'),
(54, 33, 29.10, 'Card', '2025-01-28', 'Cancelled'),
(55, 7, 61.80, 'Cash', '2025-01-29', 'Completed'),
(56, 41, 14.50, 'Online', '2025-01-29', 'Completed'),
(57, 2, 99.30, 'Card', '2025-01-30', 'Completed'),
(58, 25, 33.70, 'Cash', '2025-01-30', 'Pending'),
(59, 9, 27.90, 'Online', '2025-01-31', 'Completed'),
(60, 50, 66.10, 'Card', '2025-01-31', 'Completed'),
(61, 14, 21.30, 'Cash', '2025-02-01', 'Completed'),
(62, 30, 47.80, 'Online', '2025-02-01', 'Cancelled'),
(63, 8, 85.60, 'Card', '2025-02-02', 'Completed'),
(64, 21, 24.90, 'Cash', '2025-02-02', 'Completed'),
(65, 37, 58.20, 'Online', '2025-02-03', 'Pending'),
(66, 6, 30.10, 'Card', '2025-02-03', 'Completed'),
(67, 44, 71.50, 'Cash', '2025-02-04', 'Completed'),
(68, 11, 17.80, 'Online', '2025-02-04', 'Cancelled'),
(69, 3, 93.40, 'Card', '2025-02-05', 'Completed'),
(70, 29, 41.60, 'Cash', '2025-02-05', 'Completed'),
(71, 16, 26.80, 'Online', '2025-02-06', 'Pending'),
(72, 48, 65.30, 'Card', '2025-02-06', 'Completed'),
(73, 10, 15.40, 'Cash', '2025-02-07', 'Completed'),
(74, 22, 82.90, 'Online', '2025-02-07', 'Completed'),
(75, 39, 36.20, 'Card', '2025-02-08', 'Cancelled'),
(76, 13, 28.70, 'Cash', '2025-02-08', 'Completed'),
(77, 46, 55.10, 'Online', '2025-02-09', 'Completed'),
(78, 1, 12.50, 'Card', '2025-02-09', 'Pending'),
(79, 19, 89.40, 'Cash', '2025-02-10', 'Completed'),
(80, 27, 34.80, 'Online', '2025-02-10', 'Completed'),
(81, 4, 76.90, 'Card', '2025-02-11', 'Completed'),
(82, 35, 27.40, 'Cash', '2025-02-11', 'Cancelled'),
(83, 17, 63.70, 'Online', '2025-02-12', 'Completed'),
(84, 42, 50.60, 'Card', '2025-02-12', 'Completed'),
(85, 20, 16.90, 'Cash', '2025-02-13', 'Completed'),
(86, 31, 79.80, 'Online', '2025-02-13', 'Pending'),
(87, 15, 25.30, 'Card', '2025-02-14', 'Completed'),
(88, 38, 54.90, 'Cash', '2025-02-14', 'Completed'),
(89, 23, 38.60, 'Online', '2025-02-15', 'Completed'),
(90, 45, 69.10, 'Card', '2025-02-15', 'Cancelled'),
(91, 26, 22.40, 'Cash', '2025-02-16', 'Completed'),
(92, 32, 57.70, 'Online', '2025-02-16', 'Completed'),
(93, 49, 17.30, 'Card', '2025-02-17', 'Pending'),
(94, 24, 91.20, 'Cash', '2025-02-17', 'Completed'),
(95, 28, 35.90, 'Online', '2025-02-18', 'Completed'),
(96, 34, 62.10, 'Card', '2025-02-18', 'Completed'),
(97, 36, 23.80, 'Cash', '2025-02-19', 'Cancelled'),
(98, 40, 78.40, 'Online', '2025-02-19', 'Completed'),
(99, 43, 40.20, 'Card', '2025-02-20', 'Completed'),
(100, 47, 87.60, 'Cash', '2025-02-20', 'Completed');
--AI generated data has been added to Orders table--
CREATE table OrderDetails(OrderID int,ProductID int, Quantity int,UnitPrice real, Discount real,PRIMARY key (OrderID, ProductID), Foreign key (OrderID) references Orders(OrderID), Foreign key (ProductID) references Products(ProductID));
PRAGMA foreign_keys = ON;
INSERT INTO OrderDetails(OrderID,ProductID,Quantity,UnitPrice,Discount)VALUES
(1,2,1,4.0,0),(1,5,2,1.2,0),(2,3,3,1.8,0),(2,9,4,0.5,0),(3,7,1,10.0,0),
(3,12,2,2.5,0),(4,20,5,0.9,0),(4,25,2,1.6,0),(5,6,1,6.5,0),(5,10,3,0.4,0),
(6,14,2,1.8,0),(6,22,4,0.7,0),(7,2,1,4.0,0),(7,27,2,6.5,0),(8,11,3,2.0,0),
(8,16,1,4.5,0),(9,8,1,12.0,0),(9,19,2,2.5,0),(10,5,4,1.2,0),(10,30,1,6.0,0),
(11,1,2,1.2,0),(11,9,3,0.5,0),(12,18,2,2.8,0),(12,25,1,1.6,0),(13,7,1,10.0,0),
(13,14,2,1.8,0),(14,3,4,1.8,0),(14,20,2,0.9,0),(15,6,1,6.5,0),(15,12,3,2.5,0),
(16,4,2,1.5,0),(16,15,3,1.5,0.1),(17,8,1,12.0,0),(17,27,1,6.5,0),(18,10,5,0.4,0),
(18,22,2,0.7,0),(19,2,1,4.0,0),(19,30,1,6.0,0),(20,11,3,2.0,0),(20,19,2,2.5,0),
(21,3,2,1.8,0),(21,9,4,0.5,0),(22,6,1,6.5,0),(22,14,2,1.8,0),(23,7,1,10.0,0),
(23,12,2,2.5,0),(24,20,3,0.9,0),(24,28,1,3.0,0),(25,5,2,1.2,0),(25,16,1,4.5,0);
INSERT INTO OrderDetails(OrderID,ProductID,Quantity,UnitPrice,Discount)VALUES
(26,1,2,1.2,0),(26,25,3,1.6,0),(27,8,1,12.0,0),(27,27,2,6.5,0),(28,10,5,0.4,0),
(28,18,2,2.8,0),(29,2,1,4.0,0),(29,30,1,6.0,0),(30,11,3,2.0,0),(30,19,2,2.5,0),
(31,4,2,1.5,0),(31,15,3,1.5,0.1),(32,6,1,6.5,0),(32,12,2,2.5,0),(33,7,2,10.0,0),
(33,14,3,1.8,0),(34,3,4,1.8,0),(34,20,2,0.9,0),(35,9,5,0.5,0),(35,22,2,0.7,0),
(36,8,1,12.0,0),(36,27,1,6.5,0),(37,5,2,1.2,0),(37,16,1,4.5,0),(38,11,4,2.0,0);
alter table Orders Drop column TotalAmount;
-- i thisnk it would be much more professional to calculate this amount(Total Amount)by executing querries--


